Country,Subject Descriptor,Units,Scale,Country/Series-specific Notes,2011,2012,2013,2014,2015,2016,2017,2018,2019,2020,2021,Estimates Start After
Afghanistan,"Gross domestic product, constant prices",Percent change,,"See notes for:  Gross domestic product, constant prices (National currency).",6.479,13.968,5.683,2.697,0.988,2.164,2.647,1.189,3.912,-5,4,2019
Afghanistan,Unemployment rate,Percent of total labor force,,,,,,,,,,,,,,
Albania,"Gross domestic product, constant prices",Percent change,,"See notes for:  Gross domestic product, constant prices (National currency).",2.545,1.418,1.002,1.774,2.219,3.315,3.802,4.071,2.24,-3.5,5,2019
Albania,Unemployment rate,Percent of total labor force,,Source: National Statistics Office Latest actual data: 2019 Employment type: National definition Primary domestic currency: Albanian lek Data last updated: 03/2021,14,13.4,15.9,17.5,17.1,15.2,13.7,12.3,11.5,12.5,14,2019
Algeria,"Gross domestic product, constant prices",Percent change,,"See notes for:  Gross domestic product, constant prices (National currency).",2.9,3.4,2.8,3.8,3.7,3.2,1.3,1.2,0.8,-5.992,2.864,2019
Algeria,Unemployment rate,Percent of total labor force,,Source: National Statistics Office Latest actual data: 2019 Employment type: Harmonized ILO definition Primary domestic currency: Algerian dinar Data last updated: 03/2021,9.971,10.969,9.829,10.6,11.214,10.498,11.709,11.731,11.383,14.242,14.541,2019
Angola,"Gross domestic product, constant prices",Percent change,,"See notes for:  Gross domestic product, constant prices (National currency).",3.472,8.542,4.955,4.823,0.944,-2.58,-0.15,-2,-0.6,-3.975,0.373,2019
Angola,Unemployment rate,Percent of total labor force,,,,,,,,,,,,,,
Antigua and Barbuda,"Gross domestic product, constant prices",Percent change,,"See notes for:  Gross domestic product, constant prices (National currency).",-1.959,3.372,-0.601,3.797,3.824,5.498,3.144,6.95,3.351,-17.273,-2.987,2019
Antigua and Barbuda,Unemployment rate,Percent of total labor force,,,,,,,,,,,,,,
Argentina,"Gross domestic product, constant prices",Percent change,,"See notes for:  Gross domestic product, constant prices (National currency).",6.004,-1.026,2.405,-2.513,2.731,-2.08,2.819,-2.565,-2.088,-9.956,5.839,2019
Argentina,Unemployment rate,Percent of total labor force,,Source: National Statistics Office Latest actual data: 2019 Notes: Argentina's authorities discontinued the publication of labor market data in December 2015 and released new series starting in the second quarter of 2016. Employment type: National definition Primary domestic currency: Argentine peso Data last updated: 03/2021,7.15,7.2,7.075,7.25,6.533,8.467,8.35,9.2,9.825,11.364,10.552,2019
Armenia,"Gross domestic product, constant prices",Percent change,,"See notes for:  Gross domestic product, constant prices (National currency).",4.7,7.134,3.412,3.607,3.254,0.195,7.518,5.225,7.582,-7.571,1.005,2019
Armenia,Unemployment rate,Percent of total labor force,,Source: ILO Latest actual data: 2015 Employment type: National definition Primary domestic currency: Armenian dram Data last updated: 03/2021,18.4,17.3,16.2,17.6,18.5,18,20.9,20.5,18.9,24.169,22.766,2015
Aruba,"Gross domestic product, constant prices",Percent change,,"See notes for:  Gross domestic product, constant prices (National currency).",3.505,-1.368,4.165,0.904,-0.448,0.483,2.342,1.2,0.4,-25.457,4.951,2017
Aruba,Unemployment rate,Percent of total labor force,,Source: National Statistics Office Latest actual data: 2019 Employment type: Harmonized ILO definition Primary domestic currency: Aruban Florin Data last updated: 03/2021,8.879,9.607,7.599,7.451,7.298,7.694,8.923,7.283,5.1,13.997,19.998,2019
Australia,"Gross domestic product, constant prices",Percent change,,"See notes for:  Gross domestic product, constant prices (National currency).",2.847,3.795,2.133,2.572,2.321,2.728,2.413,2.844,1.946,-2.438,4.538,2020
Australia,Unemployment rate,Percent of total labor force,,Source: National Statistics Office. Australian Bureau of Statistics (via Haver Analytics) Latest actual data: 2020. Data refer to calendar years Employment type: National definition Primary domestic currency: Australian dollar Data last updated: 03/2021,5.083,5.225,5.658,6.058,6.05,5.7,5.583,5.292,5.15,6.508,5.983,2020
Austria,"Gross domestic product, constant prices",Percent change,,"See notes for:  Gross domestic product, constant prices (National currency).",2.923,0.68,0.026,0.661,1.015,1.989,2.4,2.58,1.419,-6.59,3.478,2019
Austria,Unemployment rate,Percent of total labor force,,Source: National Statistics Office Latest actual data: 2019 Employment type: Harmonized ILO definition Primary domestic currency: Euro Data last updated: 03/2021,4.583,4.917,5.342,5.608,5.742,6.042,5.533,4.892,4.525,5.333,5.5,2019
Azerbaijan,"Gross domestic product, constant prices",Percent change,,"See notes for:  Gross domestic product, constant prices (National currency).",-1.573,2.203,5.843,2.798,1.05,-3.064,0.154,1.5,2.219,-4.29,2.318,2019
Azerbaijan,Unemployment rate,Percent of total labor force,,Source: National Statistics Office Latest actual data: 2019 Employment type: Harmonized ILO definition Primary domestic currency: Azerbaijan manat Data last updated: 02/2021,5.424,5.185,4.973,4.913,4.958,5.043,4.961,4.944,4.848,6.541,5.755,2019
The Bahamas,"Gross domestic product, constant prices",Percent change,,"See notes for:  Gross domestic product, constant prices (National currency).",0.613,3.087,-2.679,1.054,0.23,1.444,3.116,3.026,1.218,-16.281,1.998,2019
The Bahamas,Unemployment rate,Percent of total labor force,,Source: National Statistics Office Latest actual data: 2018 Employment type: National definition Primary domestic currency: Bahamian dollar Data last updated: 02/2021,15.889,14.367,15.782,14.636,13.379,12.15,10.1,10.35,10.1,25.571,23.998,2018
Bahrain,"Gross domestic product, constant prices",Percent change,,"See notes for:  Gross domestic product, constant prices (National currency).",1.984,3.728,5.416,4.351,2.485,3.558,4.292,1.72,1.99,-5.395,3.294,2019
Bahrain,Unemployment rate,Percent of total labor force,,Source: Other Latest actual data: 2018 Employment type: National definition Primary domestic currency: Bahrain dinar Data last updated: 02/2021,4,3.7,4.392,3.767,3.358,3.7,3.58,3.94,4,5.039,3.773,2018
Bangladesh,"Gross domestic product, constant prices",Percent change,,"See notes for:  Gross domestic product, constant prices (National currency).",6.464,6.521,6.014,6.061,6.553,7.114,7.284,7.864,8.153,3.798,5.035,2020
Bangladesh,Unemployment rate,Percent of total labor force,,,,,,,,,,,,,,
Barbados,"Gross domestic product, constant prices",Percent change,,"See notes for:  Gross domestic product, constant prices (National currency).",-0.673,-0.45,-1.411,-0.126,2.446,2.485,0.478,-0.583,-0.098,-17.6,4.1,2019
Barbados,Unemployment rate,Percent of total labor force,,Source: National Statistics Office Latest actual data: 2019 Employment type: National definition Primary domestic currency: Barbados dollar Data last updated: 02/2021,11.15,11.5,11.625,12.275,11.3,9.65,9.95,10.05,10.357,17.145,16.11,2019
Belarus,"Gross domestic product, constant prices",Percent change,,"See notes for:  Gross domestic product, constant prices (National currency).",5.29,1.629,0.962,1.686,-3.83,-2.536,2.541,3.138,1.446,-0.9,-0.392,2019
Belarus,Unemployment rate,Percent of total labor force,,"Source: National Statistics Office. Formally, the National Statistical Committee of the Republic of Belarus Latest actual data: 2018 Employment type: National definition Primary domestic currency: Belarusian rubel Data last updated: 03/2021",5.588,5.536,5.436,5.417,5.821,5.92,5.684,4.825,4.225,4.1,4.473,2018
Belgium,"Gross domestic product, constant prices",Percent change,,"See notes for:  Gross domestic product, constant prices (National currency).",1.694,0.739,0.459,1.579,2.041,1.267,1.608,1.812,1.744,-6.424,4.043,2020
Belgium,Unemployment rate,Percent of total labor force,,Source: Central Bank. Some indicators have been affected by the benchmark national account revision 1995-2018 released in Sept 2019. Latest actual data: 2019 Employment type: Harmonized ILO definition Primary domestic currency: Euro Data last updated: 03/2021,7.142,7.55,8.45,8.55,8.483,7.842,7.117,5.958,5.358,5.608,6.825,2019
Belize,"Gross domestic product, constant prices",Percent change,,"See notes for:  Gross domestic product, constant prices (National currency).",1.916,2.417,1.296,4.035,2.626,-0.041,1.754,2.898,1.791,-14.089,1.92,2020
Belize,Unemployment rate,Percent of total labor force,,Source: National Statistics Office Latest actual data: 2019. Data for 2010 and 2011 are staff estimates because there was no labor force survey conducted for those years. Employment type: National definition Primary domestic currency: Belize dollar Data last updated: 03/2021,16.714,15.25,12.95,11.578,10.157,9.55,9.35,9.725,9,23.699,23.237,2019
Benin,"Gross domestic product, constant prices",Percent change,,"See notes for:  Gross domestic product, constant prices (National currency).",2.964,4.811,7.191,6.358,1.778,3.34,5.672,6.697,6.866,1.997,4.972,2019
Benin,Unemployment rate,Percent of total labor force,,,,,,,,,,,,,,
Bhutan,"Gross domestic product, constant prices",Percent change,,"See notes for:  Gross domestic product, constant prices (National currency).",9.866,6.495,3.582,3.968,6.221,7.408,6.322,3.835,4.279,-0.817,-1.916,2020
Bhutan,Unemployment rate,Percent of total labor force,,Source: Central Bank Latest actual data: 2015/16 Employment type: National definition Primary domestic currency: Bhutanese ngultrum Data last updated: 03/2021,3.1,2.1,2.9,2.6,2.5,2.1,3.138,n/a,n/a,n/a,n/a,2016
Bolivia,"Gross domestic product, constant prices",Percent change,,"See notes for:  Gross domestic product, constant prices (National currency).",5.204,5.122,6.796,5.461,4.857,4.264,4.195,4.224,2.217,-7.7,5.5,2019
Bolivia,Unemployment rate,Percent of total labor force,,Source: National Statistics Office Latest actual data: 2019 Employment type: National definition Primary domestic currency: Bolivian boliviano Data last updated: 01/2021,3.837,3.229,4,4,4,4,4,4,4,8,4,2019
Bosnia and Herzegovina,"Gross domestic product, constant prices",Percent change,,"See notes for:  Gross domestic product, constant prices (National currency).",0.908,-0.707,2.351,1.148,3.088,3.146,3.176,3.74,2.831,-5.5,3.5,2019
Bosnia and Herzegovina,Unemployment rate,Percent of total labor force,,Source: National Statistics Office. Figures are derived from the labor force survey using population data from the UN. Latest actual data: 2019 Employment type: National definition Primary domestic currency: Convertible marka Data last updated: 01/2021,27.6,28,27.5,27.5,27.7,25.4,20.5,18.4,15.7,19,17.5,2019
Botswana,"Gross domestic product, constant prices",Percent change,,"See notes for:  Gross domestic product, constant prices (National currency).",6.048,4.456,11.344,4.149,-1.698,4.304,2.904,4.479,3.026,-8.25,7.505,2019
Botswana,Unemployment rate,Percent of total labor force,,,,,,,,,,,,,,
Brazil,"Gross domestic product, constant prices",Percent change,,"See notes for:  Gross domestic product, constant prices (National currency).",3.974,1.921,3.005,0.504,-3.546,-3.276,1.323,1.784,1.411,-4.059,3.655,2020
Brazil,Unemployment rate,Percent of total labor force,,Source: National Statistics Office Latest actual data: 2020. Employment rate from household survey (PNAD Continua) times official population estimates by the National Statistical Office (IBGE). Employment type: National definition Primary domestic currency: Brazilian real Data last updated: 03/2021,7.8,7.4,7.2,6.783,8.283,11.258,12.767,12.258,11.925,13.242,14.489,2020
Brunei Darussalam,"Gross domestic product, constant prices",Percent change,,"See notes for:  Gross domestic product, constant prices (National currency).",3.744,0.913,-2.125,-2.508,-0.405,-2.465,1.329,0.052,3.869,1.203,1.646,2019
Brunei Darussalam,Unemployment rate,Percent of total labor force,,"Source: National Statistics Office. Department of Economic Planning and Development, Prime Minister's office. Latest actual data: 2019 Employment type: National definition Primary domestic currency: Brunei dollar Data last updated: 03/2021",9.3,8.5,7.7,6.9,7.7,8.5,9.3,8.7,6.822,6.822,6.822,2019
Bulgaria,"Gross domestic product, constant prices",Percent change,,"See notes for:  Gross domestic product, constant prices (National currency).",2.355,0.357,0.326,1.885,3.99,3.82,3.503,3.092,3.694,-3.844,4.4,2019
Bulgaria,Unemployment rate,Percent of total labor force,,Source: National Statistics Office Latest actual data: 2020 Employment type: National definition Primary domestic currency: Bulgarian lev Data last updated: 03/2021,11.35,12.379,13.038,11.524,9.233,7.666,6.23,5.2,4.2,5.207,4.8,2020
Burkina Faso,"Gross domestic product, constant prices",Percent change,,"See notes for:  Gross domestic product, constant prices (National currency).",6.623,6.453,5.793,4.327,3.921,5.959,6.156,6.821,5.689,0.793,4.256,2018
Burkina Faso,Unemployment rate,Percent of total labor force,,,,,,,,,,,,,,
Burundi,"Gross domestic product, constant prices",Percent change,,"See notes for:  Gross domestic product, constant prices (National currency).",4.033,4.447,4.924,4.241,-3.9,-0.6,0.5,1.61,1.813,-1.282,2.814,2019
Burundi,Unemployment rate,Percent of total labor force,,,,,,,,,,,,,,
Cabo Verde,"Gross domestic product, constant prices",Percent change,,"See notes for:  Gross domestic product, constant prices (National currency).",3.969,1.082,0.803,0.611,1.007,4.706,3.702,4.531,5.668,-14.029,5.762,2019
Cabo Verde,Unemployment rate,Percent of total labor force,,Source: National Statistics Office Latest actual data: 2018 Primary domestic currency: Cabo Verde escudo Data last updated: 03/2021,12.2,16.8,16.4,15.8,12.4,15,12.2,12.2,8.5,8.5,8.5,2018
Cambodia,"Gross domestic product, constant prices",Percent change,,"See notes for:  Gross domestic product, constant prices (National currency).",7.07,7.313,7.357,7.143,7.036,6.863,6.997,7.533,7.045,-3.532,4.155,2019
Cambodia,Unemployment rate,Percent of total labor force,,,,,,,,,,,,,,
Cameroon,"Gross domestic product, constant prices",Percent change,,"See notes for:  Gross domestic product, constant prices (National currency).",4.129,4.543,5.404,5.884,5.651,4.648,3.549,4.062,3.855,-2.769,3.437,2019
Cameroon,Unemployment rate,Percent of total labor force,,,,,,,,,,,,,,
Canada,"Gross domestic product, constant prices",Percent change,,"See notes for:  Gross domestic product, constant prices (National currency).",3.146,1.761,2.329,2.87,0.659,1.001,3.04,2.43,1.861,-5.403,5.045,2020
Canada,Unemployment rate,Percent of total labor force,,Source: National Statistics Office Latest actual data: 2020 Employment type: National definition Primary domestic currency: Canadian dollar Data last updated: 03/2021,7.55,7.375,7.133,6.967,6.942,7.05,6.383,5.908,5.733,9.6,8.002,2020
Central African Republic,"Gross domestic product, constant prices",Percent change,,"See notes for:  Gross domestic product, constant prices (National currency).",4.195,5.054,-36.392,0.08,4.338,4.75,4.528,3.82,2.97,-0.015,3.491,2017
Central African Republic,Unemployment rate,Percent of total labor force,,,,,,,,,,,,,,
Chad,"Gross domestic product, constant prices",Percent change,,"See notes for:  Gross domestic product, constant prices (National currency).",0.12,8.807,5.753,6.893,1.77,-5.558,-2.38,2.303,2.96,-0.887,1.768,2017
Chad,Unemployment rate,Percent of total labor force,,,,,,,,,,,,,,
Chile,"Gross domestic product, constant prices",Percent change,,"See notes for:  Gross domestic product, constant prices (National currency).",6.119,5.332,4.047,1.766,2.295,1.723,1.154,3.719,1.02,-5.841,6.174,2020
Chile,Unemployment rate,Percent of total labor force,,Source: National Statistics Office Latest actual data: 2020 Employment type: Harmonized OECD definition Primary domestic currency: Chilean peso Data last updated: 03/2021,7.3,6.595,6.082,6.495,6.328,6.685,6.965,7.377,7.223,10.778,8.964,2020
China,"Gross domestic product, constant prices",Percent change,,"See notes for:  Gross domestic product, constant prices (National currency).",9.467,7.872,7.772,7.408,7.031,6.871,6.946,6.725,5.822,2.27,8.437,2020
China,Unemployment rate,Percent of total labor force,,Source: National Statistics Office. Data retrieved from CEIC Latest actual data: 2020 Notes: Reported total employment data has a definitional change from 1990 onwards Employment type: National definition Primary domestic currency: Chinese yuan Data last updated: 03/2021,4.09,4.09,4.05,4.09,4.05,4.02,3.9,3.8,3.62,3.8,3.64,2020
Colombia,"Gross domestic product, constant prices",Percent change,,"See notes for:  Gross domestic product, constant prices (National currency).",6.948,3.913,5.134,4.499,2.956,2.087,1.359,2.564,3.281,-6.847,5.15,2020
Colombia,Unemployment rate,Percent of total labor force,,Source: National Statistics Office Latest actual data: 2020 Primary domestic currency: Colombian peso Data last updated: 03/2021,10.808,10.375,9.658,9.1,8.925,9.208,9.383,9.683,10.5,16.083,12.848,2020
Comoros,"Gross domestic product, constant prices",Percent change,,"See notes for:  Gross domestic product, constant prices (National currency).",4.144,3.168,4.466,2.107,1.299,3.457,4.177,3.639,1.866,-0.503,0,2018
Comoros,Unemployment rate,Percent of total labor force,,,,,,,,,,,,,,
Democratic Republic of the Congo,"Gross domestic product, constant prices",Percent change,,"See notes for:  Gross domestic product, constant prices (National currency).",6.875,7.087,8.482,9.47,6.916,2.399,3.727,5.816,4.38,-0.064,3.77,2019
Democratic Republic of the Congo,Unemployment rate,Percent of total labor force,,,,,,,,,,,,,,
Republic of Congo,"Gross domestic product, constant prices",Percent change,,"See notes for:  Gross domestic product, constant prices (National currency).",2.206,9.947,-0.712,6.717,-3.551,-10.702,-4.374,-6.427,-0.622,-7.813,0.216,2018
Republic of Congo,Unemployment rate,Percent of total labor force,,,,,,,,,,,,,,
Costa Rica,"Gross domestic product, constant prices",Percent change,,"See notes for:  Gross domestic product, constant prices (National currency).",4.403,4.883,2.495,3.542,3.652,4.204,4.158,2.056,2.168,-4.796,2.595,2019
Costa Rica,Unemployment rate,Percent of total labor force,,Source: National Statistics Office Latest actual data: 2019. Data as of July for each year Employment type: National definition Primary domestic currency: Costa Rican colon Data last updated: 03/2021,10.492,9.849,8.311,9.658,9.604,9.541,9.293,11.951,12.417,19.98,16,2019
C?te d'Ivoire,"Gross domestic product, constant prices",Percent change,,"See notes for:  Gross domestic product, constant prices (National currency).",-4.857,10.864,9.272,8.794,8.843,7.187,7.36,6.89,6.232,2.277,5.956,2017
C?te d'Ivoire,Unemployment rate,Percent of total labor force,,,,,,,,,,,,,,
Croatia,"Gross domestic product, constant prices",Percent change,,"See notes for:  Gross domestic product, constant prices (National currency).",-0.198,-2.392,-0.447,-0.342,2.432,3.498,3.44,2.808,2.859,-9,4.7,2019
Croatia,Unemployment rate,Percent of total labor force,,"Source: National Statistics Office. By the former Central Bureau of Statistics of the Republic of Croatia (CroStat), now the Croatian Bureau of Statistics (CBS, www.dzs.hr). Latest actual data: 2019. For quarterly data, latest actual is 2020Q1 Employment type: Harmonized ILO definition Primary domestic currency: Croatian kuna Data last updated: 03/2021",17.367,18.6,19.808,19.275,17.067,14.958,12.433,9.858,7.758,9.188,9.409,2019
Cyprus,"Gross domestic product, constant prices",Percent change,,"See notes for:  Gross domestic product, constant prices (National currency).",0.402,-3.447,-6.553,-1.828,3.218,6.439,5.155,5.241,3.076,-5.106,3.018,2020
Cyprus,Unemployment rate,Percent of total labor force,,"Source: Eurostat, Labor force survey. Latest actual data: 2020 Employment type: Harmonized ILO definition Primary domestic currency: Euro Data last updated: 03/2021",7.85,11.8,15.85,16.075,14.9,12.95,11.05,8.35,7.075,7.6,7.47,2020
Czech Republic,"Gross domestic product, constant prices",Percent change,,"See notes for:  Gross domestic product, constant prices (National currency).",1.76,-0.785,-0.046,2.262,5.388,2.537,5.169,3.199,2.314,-5.556,4.218,2019
Czech Republic,Unemployment rate,Percent of total labor force,,Source: Haver Analytics Latest actual data: 2019 Employment type: Harmonized ILO definition Primary domestic currency: Czech koruna Data last updated: 03/2021,6.708,6.975,6.949,6.111,5.021,3.946,2.89,2.243,2.001,2.7,3.4,2019
Denmark,"Gross domestic product, constant prices",Percent change,,"See notes for:  Gross domestic product, constant prices (National currency).",1.336,0.229,0.935,1.616,2.343,3.248,2.819,2.176,2.851,-3.287,2.76,2019
Denmark,Unemployment rate,Percent of total labor force,,Source: Eurostat Latest actual data: 2019 Employment type: National definition Primary domestic currency: Danish krone Data last updated: 03/2021,7.75,7.8,7.375,6.867,6.283,6.008,5.817,5.1,5.042,5.642,5.56,2019
Djibouti,"Gross domestic product, constant prices",Percent change,,"See notes for:  Gross domestic product, constant prices (National currency).",7.293,4.842,5.001,7.062,7.675,6.918,5.077,8.495,7.5,-1,5,2018
Djibouti,Unemployment rate,Percent of total labor force,,,,,,,,,,,,,,
Dominica,"Gross domestic product, constant prices",Percent change,,"See notes for:  Gross domestic product, constant prices (National currency).",-0.224,-1.059,-0.608,4.389,-2.551,2.522,-9.53,0.533,7.566,-10.445,-0.388,2018
Dominica,Unemployment rate,Percent of total labor force,,,,,,,,,,,,,,
Dominican Republic,"Gross domestic product, constant prices",Percent change,,"See notes for:  Gross domestic product, constant prices (National currency).",3.133,2.717,4.875,7.05,6.927,6.659,4.667,6.983,5.052,-6.731,5.481,2019
Dominican Republic,Unemployment rate,Percent of total labor force,,Source: Central Bank Latest actual data: 2019 Employment type: National definition Primary domestic currency: Dominican peso Data last updated: 03/2021,7.613,8.407,9.196,8.538,7.328,7.08,5.509,5.656,6.167,5.732,5.976,2019
Ecuador,"Gross domestic product, constant prices",Percent change,,"See notes for:  Gross domestic product, constant prices (National currency).",7.868,5.642,4.947,3.789,0.099,-1.226,2.368,1.289,0.012,-7.5,2.502,2019
Ecuador,Unemployment rate,Percent of total labor force,,Source: National Statistics Office. Source: INEC and Central Bank Latest actual data: 2019 Employment type: National definition Primary domestic currency: U.S. dollar Data last updated: 02/2021,4.21,4.12,4.15,3.8,4.77,5.21,4.62,3.69,3.84,5.267,4.461,2019
Egypt,"Gross domestic product, constant prices",Percent change,,"See notes for:  Gross domestic product, constant prices (National currency).",1.765,2.226,3.302,2.916,4.372,4.347,4.077,5.314,5.558,3.57,2.473,2020
Egypt,Unemployment rate,Percent of total labor force,,Source: National Statistics Office Latest actual data: 2019/20 Primary domestic currency: Egyptian pound Data last updated: 03/2021,10.379,12.373,12.992,13.365,12.859,12.705,12.245,10.932,8.612,8.296,9.839,2020
El Salvador,"Gross domestic product, constant prices",Percent change,,"See notes for:  Gross domestic product, constant prices (National currency).",3.815,2.814,2.236,1.711,2.395,2.547,2.25,2.431,2.382,-8.58,4.2,2019
El Salvador,Unemployment rate,Percent of total labor force,,Source: National Statistics Office Latest actual data: 2019 Employment type: Not applicable Primary domestic currency: U.S. dollar Data last updated: 03/2021,6.6,6.1,5.9,7,7,7.1,7.049,6.347,6.733,9.044,9.5,2019
Equatorial Guinea,"Gross domestic product, constant prices",Percent change,,"See notes for:  Gross domestic product, constant prices (National currency).",6.524,8.313,-4.133,0.415,-9.11,-8.817,-5.667,-6.356,-5.566,-5.778,3.979,2017
Equatorial Guinea,Unemployment rate,Percent of total labor force,,,,,,,,,,,,,,
Eritrea,"Gross domestic product, constant prices",Percent change,,"See notes for:  Gross domestic product, constant prices (National currency).",25.71,1.886,-10.456,30.934,-20.621,7.391,-10.015,13.032,3.836,-0.627,2.004,2018
Eritrea,Unemployment rate,Percent of total labor force,,,,,,,,,,,,,,
Estonia,"Gross domestic product, constant prices",Percent change,,"See notes for:  Gross domestic product, constant prices (National currency).",7.427,3.11,1.346,2.987,1.845,3.188,5.499,4.355,4.996,-2.932,3.4,2020
Estonia,Unemployment rate,Percent of total labor force,,Source: National Statistics Office Latest actual data: 2019 Employment type: Harmonized ILO definition Primary domestic currency: Euro Data last updated: 03/2021,12.325,10.023,8.628,7.351,6.185,6.758,5.763,5.371,4.448,6.844,7.074,2019
Eswatini,"Gross domestic product, constant prices",Percent change,,"See notes for:  Gross domestic product, constant prices (National currency).",2.247,5.391,3.862,0.913,2.203,1.101,2.027,2.372,2.244,-3.342,1.42,2019
Eswatini,Unemployment rate,Percent of total labor force,,,,,,,,,,,,,,
Ethiopia,"Gross domestic product, constant prices",Percent change,,"See notes for:  Gross domestic product, constant prices (National currency).",11.4,8.7,9.9,10.3,10.4,8,10.21,7.703,9.037,6.057,1.989,2020
Ethiopia,Unemployment rate,Percent of total labor force,,,,,,,,,,,,,,
Fiji,"Gross domestic product, constant prices",Percent change,,"See notes for:  Gross domestic product, constant prices (National currency).",2.7,1.411,4.734,5.604,4.502,2.445,5.354,3.813,-0.445,-19,5,2019
Fiji,Unemployment rate,Percent of total labor force,,Source: National Statistics Office. 2012-2013 unemployment rate are missing since the authority didn't provide it. The numbers here are based on linear interpolation using 2011 and 2014 data. Latest actual data: 2019 Employment type: Not applicable Primary domestic currency: Fiji dollar Data last updated: 02/2021,7.1,6.8,6.367,6.2,5.5,5.5,4.5,4.5,4.5,13.351,9,2019
Finland,"Gross domestic product, constant prices",Percent change,,"See notes for:  Gross domestic product, constant prices (National currency).",2.547,-1.397,-0.902,-0.365,0.544,2.811,3.192,1.312,1.272,-2.893,2.276,2019
Finland,Unemployment rate,Percent of total labor force,,Source: National Statistics Office. Downloaded through Haver Analytics Latest actual data: 2019 Employment type: Harmonized ILO definition Primary domestic currency: Euro Data last updated: 03/2021,7.9,7.8,8.325,8.825,9.575,8.975,8.825,7.358,6.675,7.783,8.629,2019
France,"Gross domestic product, constant prices",Percent change,,"See notes for:  Gross domestic product, constant prices (National currency).",2.193,0.313,0.576,0.956,1.113,1.095,2.291,1.865,1.488,-8.232,5.812,2020
France,Unemployment rate,Percent of total labor force,,Source: National Statistics Office Latest actual data: 2020 Employment type: Harmonized ILO definition. Data prior to 1983 are not harmonized. Primary domestic currency: Euro Data last updated: 03/2021,9.2,9.767,10.3,10.283,10.367,10.042,9.425,9.025,8.467,8.175,9.137,2020
Gabon,"Gross domestic product, constant prices",Percent change,,"See notes for:  Gross domestic product, constant prices (National currency).",7.092,5.251,5.517,4.435,3.879,2.091,0.473,0.843,3.939,-1.757,1.171,2019
Gabon,Unemployment rate,Percent of total labor force,,,,,,,,,,,,,,
The Gambia,"Gross domestic product, constant prices",Percent change,,"See notes for:  Gross domestic product, constant prices (National currency).",-8.13,5.242,2.873,-1.407,4.058,1.943,4.823,7.235,6.057,0,6,2018
The Gambia,Unemployment rate,Percent of total labor force,,,,,,,,,,,,,,
Georgia,"Gross domestic product, constant prices",Percent change,,"See notes for:  Gross domestic product, constant prices (National currency).",7.358,6.369,3.621,4.431,3.023,2.906,4.842,4.843,5.007,-6.1,3.5,2019
Georgia,Unemployment rate,Percent of total labor force,,Source: National Statistics Office Latest actual data: 2015 Employment type: Harmonized ILO definition Primary domestic currency: Georgian lari Data last updated: 03/2021,27.182,26.741,26.402,22.961,21.912,21.722,21.598,19.249,17.605,n/a,n/a,2015
Germany,"Gross domestic product, constant prices",Percent change,,"See notes for:  Gross domestic product, constant prices (National currency).",3.914,0.427,0.432,2.217,1.487,2.23,2.604,1.268,0.555,-4.903,3.602,2020
Germany,Unemployment rate,Percent of total labor force,,Source: National Statistics Office Latest actual data: 2020 Notes: Data until 1990 refers to German federation only (West Germany). Data from 1991 refer to United Germany. Employment type: Harmonized ILO definition Primary domestic currency: Euro Data last updated: 03/2021,5.833,5.383,5.242,4.992,4.633,4.133,3.758,3.4,3.15,4.183,4.448,2020
Ghana,"Gross domestic product, constant prices",Percent change,,"See notes for:  Gross domestic product, constant prices (National currency).",14.198,8.504,7.189,2.898,2.178,3.448,8.144,6.264,6.478,0.88,4.639,2019
Ghana,Unemployment rate,Percent of total labor force,,,,,,,,,,,,,,
Greece,"Gross domestic product, constant prices",Percent change,,"See notes for:  Gross domestic product, constant prices (National currency).",-10.149,-7.082,-2.741,0.698,-0.412,-0.489,1.28,1.559,1.857,-8.248,3.758,2020
Greece,Unemployment rate,Percent of total labor force,,"Source: National Statistics Office. Formally, the National Statistical Office (ELSTAT) Latest actual data: 2019. For quarterly data, latest actual is 2020Q1. Notes: The historical data source for unit labor costs in manufacturing is eurostat. Employment type: National definition Primary domestic currency: Euro Data last updated: 03/2021",17.85,24.425,27.475,26.5,24.9,23.55,21.45,19.3,17.325,16.4,16.575,2019
Grenada,"Gross domestic product, constant prices",Percent change,,"See notes for:  Gross domestic product, constant prices (National currency).",0.765,-1.155,2.351,7.342,6.445,3.74,4.439,4.141,1.914,-13.464,-1.529,2019
Grenada,Unemployment rate,Percent of total labor force,,,,,,,,,,,,,,
Guatemala,"Gross domestic product, constant prices",Percent change,,"See notes for:  Gross domestic product, constant prices (National currency).",4.445,3.148,3.485,4.444,4.092,2.678,3.023,3.215,3.846,-1.5,4.5,2019
Guatemala,Unemployment rate,Percent of total labor force,,,,,,,,,,,,,,
Guinea,"Gross domestic product, constant prices",Percent change,,"See notes for:  Gross domestic product, constant prices (National currency).",5.614,5.915,3.934,3.708,3.813,10.828,10.338,6.181,5.645,5.225,5.556,2018
Guinea,Unemployment rate,Percent of total labor force,,,,,,,,,,,,,,
Guinea-Bissau,"Gross domestic product, constant prices",Percent change,,"See notes for:  Gross domestic product, constant prices (National currency).",8.085,-1.713,3.256,0.965,6.134,5.307,4.789,3.358,4.5,-2.4,3,2018
Guinea-Bissau,Unemployment rate,Percent of total labor force,,,,,,,,,,,,,,
Guyana,"Gross domestic product, constant prices",Percent change,,"See notes for:  Gross domestic product, constant prices (National currency).",5.437,5.039,3.653,1.686,0.687,3.807,3.734,4.441,5.353,43.384,16.394,2019
Guyana,Unemployment rate,Percent of total labor force,,,,,,,,,,,,,,
Haiti,"Gross domestic product, constant prices",Percent change,,"See notes for:  Gross domestic product, constant prices (National currency).",6.154,0.553,3.085,3.402,1.617,1.723,2.286,1.668,-1.682,-3.7,1,2019
Haiti,Unemployment rate,Percent of total labor force,,,,,,,,,,,,,,
Honduras,"Gross domestic product, constant prices",Percent change,,"See notes for:  Gross domestic product, constant prices (National currency).",3.836,4.129,2.792,3.058,3.84,3.893,4.843,3.697,2.651,-8,4.5,2019
Honduras,Unemployment rate,Percent of total labor force,,Source: National Institute of Statistics of Honduras Latest actual data: 2019. Last population census Employment type: National definition Primary domestic currency: Honduran lempira Data last updated: 03/2021,4.474,3.754,4.096,5.488,6.147,6.727,5.528,5.648,5.386,6.184,5.277,2019
Hong Kong SAR,"Gross domestic product, constant prices",Percent change,,"See notes for:  Gross domestic product, constant prices (National currency).",4.815,1.7,3.102,2.762,2.388,2.169,3.791,2.846,-1.249,-6.142,4.289,2020
Hong Kong SAR,Unemployment rate,Percent of total labor force,,Source: CEIC Latest actual data: 2020 Employment type: National definition Primary domestic currency: Hong Kong dollar Data last updated: 03/2021,3.408,3.303,3.376,3.262,3.307,3.387,3.119,2.816,2.955,5.853,5.263,2020
Hungary,"Gross domestic product, constant prices",Percent change,,"See notes for:  Gross domestic product, constant prices (National currency).",1.937,-1.381,1.861,4.229,3.819,2.14,4.317,5.405,4.578,-4.962,4.3,2020
Hungary,Unemployment rate,Percent of total labor force,,Source: National Statistics Office Latest actual data: 2020. Economically active population aged 15-64. Employment type: Harmonized ILO definition Primary domestic currency: Hungarian forint Data last updated: 03/2021,10.655,10.668,9.849,7.511,6.626,4.971,4.041,3.596,3.309,4.115,3.795,2020
Iceland,"Gross domestic product, constant prices",Percent change,,"See notes for:  Gross domestic product, constant prices (National currency).",1.846,1.064,4.552,1.687,4.437,6.304,4.195,4.715,2.569,-6.649,3.707,2018
Iceland,Unemployment rate,Percent of total labor force,,"Source: Labor Directorate Latest actual data: 2018 Notes: LHEM series is from the OECD, hourly earnings in the manufacturing sector Employment type: Other Primary domestic currency: Icelandic kr?na Data last updated: 03/2021",7.7,6.617,5.833,5.417,4.5,3.342,3.283,3.1,3.925,6.433,6,2018
India,"Gross domestic product, constant prices",Percent change,,"See notes for:  Gross domestic product, constant prices (National currency).",6.638,5.456,6.386,7.41,7.996,8.256,6.795,6.533,4.042,-7.965,12.546,2021
India,Unemployment rate,Percent of total labor force,,,,,,,,,,,,,,
Indonesia,"Gross domestic product, constant prices",Percent change,,"See notes for:  Gross domestic product, constant prices (National currency).",6.17,6.03,5.557,5.007,4.876,5.033,5.07,5.174,5.018,-2.07,4.302,2020
Indonesia,Unemployment rate,Percent of total labor force,,Source: National Statistics Office. CEIC and EMED Emerging Asia Latest actual data: 2020 Employment type: National definition Primary domestic currency: Indonesian rupiah Data last updated: 03/2021,6.56,6.14,6.25,5.94,6.18,5.61,5.5,5.34,5.28,7.07,6.5,2020
Islamic Republic of Iran,"Gross domestic product, constant prices",Percent change,,"See notes for:  Gross domestic product, constant prices (National currency).",2.646,-7.445,-0.194,4.603,-1.321,13.396,3.755,-6.026,-6.784,1.516,2.539,2020
Islamic Republic of Iran,Unemployment rate,Percent of total labor force,,Source: National Statistics Office Latest actual data: 2019/20 Employment type: National definition Primary domestic currency: Iranian rial Data last updated: 03/2021,12.3,12.1,10.4,10.6,11,12.425,12.075,12.025,10.65,10.823,11.248,2020
Iraq,"Gross domestic product, constant prices",Percent change,,"See notes for:  Gross domestic product, constant prices (National currency).",7.546,13.936,7.628,0.738,2.537,15.199,-3.399,0.829,4.461,-10.885,1.115,2020
Iraq,Unemployment rate,Percent of total labor force,,,,,,,,,,,,,,
Ireland,"Gross domestic product, constant prices",Percent change,,"See notes for:  Gross domestic product, constant prices (National currency).",0.512,-0.115,1.514,8.557,25.305,1.982,9.435,8.948,5.924,2.475,4.234,2019
Ireland,Unemployment rate,Percent of total labor force,,"Source: National Statistics Office. Central Statistical Office of Ireland (CSO), data is from the Labor Force Survey (LFS) and is the average of the quarterly observations. Latest actual data: 2019 Employment type: Harmonized ILO definition Primary domestic currency: Euro Data last updated: 03/2021",15.4,15.5,13.783,11.9,9.95,8.383,6.742,5.783,4.975,5.625,6.827,2019
Israel,"Gross domestic product, constant prices",Percent change,,"See notes for:  Gross domestic product, constant prices (National currency).",4.691,2.537,4.31,3.937,2.25,3.826,3.582,3.482,3.446,-2.377,4.991,2020
Israel,Unemployment rate,Percent of total labor force,,Source: National Statistics Office Latest actual data: 2020 Employment type: National definition. Seasonally adjusted. Primary domestic currency: Israeli shekel Data last updated: 03/2021,7.05,6.875,6.25,5.9,5.275,4.8,4.225,4,3.825,4.3,5,2020
Italy,"Gross domestic product, constant prices",Percent change,,"See notes for:  Gross domestic product, constant prices (National currency).",0.707,-2.981,-1.841,-0.005,0.778,1.293,1.668,0.942,0.287,-8.871,4.15,2020
Italy,Unemployment rate,Percent of total labor force,,Source: National Statistics Office Latest actual data: 2019 Employment type: Harmonized ILO definition Primary domestic currency: Euro Data last updated: 03/2021,8.417,10.667,12.125,12.617,11.908,11.658,11.258,10.625,9.875,9.12,10.3,2019
Jamaica,"Gross domestic product, constant prices",Percent change,,"See notes for:  Gross domestic product, constant prices (National currency).",1.426,-0.501,0.224,0.575,0.869,1.498,0.679,1.827,0.97,-10.223,1.465,2019
Jamaica,Unemployment rate,Percent of total labor force,,Source: International Financial Institution. National Statistics Office if data is not yet available in IFS. Latest actual data: 2019 Employment type: National definition Primary domestic currency: Jamaica dollar Data last updated: 03/2021,12.4,13.925,15.275,13.75,13.5,13.2,11.65,9.125,7.7,n/a,n/a,2019
Japan,"Gross domestic product, constant prices",Percent change,,"See notes for:  Gross domestic product, constant prices (National currency).",0.024,1.375,2.005,0.296,1.561,0.754,1.675,0.559,0.27,-4.83,3.252,2020
Japan,Unemployment rate,Percent of total labor force,,Source: Cabinet Office of Japan via Haver database. Latest actual data: 2020 Employment type: National definition Primary domestic currency: Japanese yen Data last updated: 03/2021,4.583,4.325,4.008,3.583,3.375,3.108,2.825,2.442,2.358,2.792,2.775,2020
Jordan,"Gross domestic product, constant prices",Percent change,,"See notes for:  Gross domestic product, constant prices (National currency).",2.737,2.429,2.61,3.384,2.497,1.994,2.088,1.934,1.955,-1.973,2.028,2019
Jordan,Unemployment rate,Percent of total labor force,,Source: National Statistics Office Latest actual data: 2020 Employment type: National definition Primary domestic currency: Jordanian dinar Data last updated: 03/2021,12.875,12.15,12.6,11.875,13.075,15.275,18.3,18.6,19.075,22.7,n/a,2020
Kazakhstan,"Gross domestic product, constant prices",Percent change,,"See notes for:  Gross domestic product, constant prices (National currency).",7.4,4.8,6,4.2,1.2,1.1,4.1,4.1,4.5,-2.598,3.196,2020
Kazakhstan,Unemployment rate,Percent of total labor force,,Source: Haver Analytics Latest actual data: 2019 Employment type: National definition Primary domestic currency: Kazakhstani tenge Data last updated: 03/2021,5.391,5.286,5.206,5.042,5.11,4.951,4.9,4.854,4.779,5.479,5.179,2019
Kenya,"Gross domestic product, constant prices",Percent change,,"See notes for:  Gross domestic product, constant prices (National currency).",6.112,4.563,5.879,5.357,5.718,5.879,4.806,6.318,5.366,-0.127,7.56,2019
Kenya,Unemployment rate,Percent of total labor force,,,,,,,,,,,,,,
Kiribati,"Gross domestic product, constant prices",Percent change,,"See notes for:  Gross domestic product, constant prices (National currency).",1.595,4.713,4.215,-0.698,10.405,5.138,0.89,3.776,3.926,-0.476,1.79,2017
Kiribati,Unemployment rate,Percent of total labor force,,,,,,,,,,,,,,
Korea,"Gross domestic product, constant prices",Percent change,,"See notes for:  Gross domestic product, constant prices (National currency).",3.686,2.403,3.165,3.202,2.809,2.947,3.16,2.907,2.039,-0.958,3.585,2020
Korea,Unemployment rate,Percent of total labor force,,Source: National Statistics Office Latest actual data: 2020 Employment type: National definition Primary domestic currency: Korean won Data last updated: 03/2021,3.408,3.225,3.1,3.492,3.592,3.675,3.683,3.833,3.783,3.942,4.6,2020
Kosovo,"Gross domestic product, constant prices",Percent change,,"See notes for:  Gross domestic product, constant prices (National currency).",4.377,2.81,3.442,1.222,4.103,4.063,4.226,3.816,4.939,-6,4.5,2019
Kosovo,Unemployment rate,Percent of total labor force,,Source: No labor data submitted for Kosovo Latest actual data: 2019 Primary domestic currency: Euro Data last updated: 03/2021,n/a,30.9,30,35.3,32.9,27.5,30.5,29.6,25.7,25.6,n/a,2019
Kuwait,"Gross domestic product, constant prices",Percent change,,"See notes for:  Gross domestic product, constant prices (National currency).",9.628,6.625,1.151,0.499,0.593,2.926,-4.71,1.246,0.426,-8.134,0.657,2019
Kuwait,Unemployment rate,Percent of total labor force,,Source: National Statistics Office Latest actual data: 2018 Employment type: National definition Primary domestic currency: Kuwaiti dinar Data last updated: 03/2021,2.078,1.986,1.902,1.722,1.322,1.248,1.28,1.087,n/a,n/a,n/a,2018
Kyrgyz Republic,"Gross domestic product, constant prices",Percent change,,"See notes for:  Gross domestic product, constant prices (National currency).",5.956,-0.088,10.915,4.024,3.876,4.336,4.74,3.459,4.468,-7.98,5.99,2019
Kyrgyz Republic,Unemployment rate,Percent of total labor force,,Source: National Statistics Office Latest actual data: 2019 Employment type: National definition Primary domestic currency: Kyrgyz som Data last updated: 03/2021,8.53,8.427,8.332,8.046,7.554,7.211,6.891,6.605,6.605,6.605,6.605,2019
Lao P.D.R.,"Gross domestic product, constant prices",Percent change,,"See notes for:  Gross domestic product, constant prices (National currency).",7.986,7.805,8.026,7.612,7.27,7.023,6.851,6.289,4.652,-0.435,4.642,2019
Lao P.D.R.,Unemployment rate,Percent of total labor force,,,,,,,,,,,,,,
Latvia,"Gross domestic product, constant prices",Percent change,,"See notes for:  Gross domestic product, constant prices (National currency).",6.469,4.252,2.31,1.074,4.007,2.373,3.251,4.024,2.027,-3.624,3.877,2020
Latvia,Unemployment rate,Percent of total labor force,,"Source: National Statistics Office Latest actual data: 2020 Notes: Labor statistics are based on Labor Force Survey data, which were revised in 2011 in compliance with Population and Housing Census 2011 results; data before 2011 have not been revised yet. Employment type: Harmonized ILO definition Primary domestic currency: Euro Data last updated: 03/2021",16.208,15.048,11.868,10.847,9.875,9.642,8.715,7.415,6.311,8.173,7.176,2020
Lebanon,"Gross domestic product, constant prices",Percent change,,"See notes for:  Gross domestic product, constant prices (National currency).",0.867,2.541,3.811,2.461,0.212,1.53,0.851,-1.926,-6.7,-25,n/a,2018
Lebanon,Unemployment rate,Percent of total labor force,,,,,,,,,,,,,,
Lesotho,"Gross domestic product, constant prices",Percent change,,"See notes for:  Gross domestic product, constant prices (National currency).",5.061,5.146,1.772,2.068,3.255,1.885,-2.705,-1.015,1.066,-4.543,3.462,2019
Lesotho,Unemployment rate,Percent of total labor force,,,,,,,,,,,,,,
Liberia,"Gross domestic product, constant prices",Percent change,,"See notes for:  Gross domestic product, constant prices (National currency).",7.7,8.42,8.836,0.695,0.007,-1.63,2.469,1.242,-2.516,-2.967,3.56,2016
Liberia,Unemployment rate,Percent of total labor force,,,,,,,,,,,,,,
Libya,"Gross domestic product, constant prices",Percent change,,"See notes for:  Gross domestic product, constant prices (National currency).",-66.657,124.709,-36.829,-53.017,-13.023,-7.389,64.014,17.879,13.188,-59.719,130.981,2017
Libya,Unemployment rate,Percent of total labor force,,,,,,,,,,,,,,
Lithuania,"Gross domestic product, constant prices",Percent change,,"See notes for:  Gross domestic product, constant prices (National currency).",6.039,3.844,3.55,3.537,2.024,2.519,4.282,3.937,4.339,-0.823,3.169,2020
Lithuania,Unemployment rate,Percent of total labor force,,Source: National Statistics Office Latest actual data: 2019 Employment type: Eurostat harmonized data Primary domestic currency: Euro Data last updated: 03/2021,15.39,13.366,11.77,10.699,9.119,7.861,7.073,6.146,6.254,8.85,8.4,2019
Luxembourg,"Gross domestic product, constant prices",Percent change,,"See notes for:  Gross domestic product, constant prices (National currency).",2.539,-0.353,3.654,4.298,4.305,4.574,1.801,3.111,2.298,-1.314,4.095,2020
Luxembourg,Unemployment rate,Percent of total labor force,,Source: National Statistics Office Latest actual data: 2020 Employment type: Harmonized ILO definition Primary domestic currency: Euro Data last updated: 03/2021,5.65,6.088,6.817,7.07,6.626,6.243,5.833,5.093,5.389,6.327,6.665,2020
Macao SAR,"Gross domestic product, constant prices",Percent change,,"See notes for:  Gross domestic product, constant prices (National currency).",21.617,9.242,10.753,-2.048,-21.493,-0.674,9.982,6.466,-2.629,-56.306,61.22,2020
Macao SAR,Unemployment rate,Percent of total labor force,,Source: National Statistics Office Latest actual data: 2019 Employment type: National definition Primary domestic currency: Macanese pataca,2.575,2,1.85,1.7,1.825,1.9,1.975,1.8,1.725,2.9,2.5,2019
Madagascar,"Gross domestic product, constant prices",Percent change,,"See notes for:  Gross domestic product, constant prices (National currency).",1.578,3.011,2.3,3.339,3.132,3.993,3.933,3.194,4.411,-4.239,3.224,2018
Madagascar,Unemployment rate,Percent of total labor force,,,,,,,,,,,,,,
Malawi,"Gross domestic product, constant prices",Percent change,,"See notes for:  Gross domestic product, constant prices (National currency).",4.854,1.886,5.2,5.7,2.95,2.27,4,3.17,4.5,0.6,2.2,2019
Malawi,Unemployment rate,Percent of total labor force,,,,,,,,,,,,,,
Malaysia,"Gross domestic product, constant prices",Percent change,,"See notes for:  Gross domestic product, constant prices (National currency).",5.293,5.474,4.694,6.007,5.007,4.45,5.813,4.77,4.303,-5.588,6.5,2019
Malaysia,Unemployment rate,Percent of total labor force,,Source: CEIC/IMF staff/NSO Latest actual data: 2019 Employment type: National definition Primary domestic currency: Malaysian ringgit Data last updated: 03/2021,3.05,3.025,3.1,2.875,3.15,3.45,3.425,3.325,3.275,4.525,3.8,2019
Maldives,"Gross domestic product, constant prices",Percent change,,"See notes for:  Gross domestic product, constant prices (National currency).",8.567,2.517,7.281,7.33,2.885,6.338,7.21,8.129,6.986,-32.243,18.872,2020
Maldives,Unemployment rate,Percent of total labor force,,,,,,,,,,,,,,
Mali,"Gross domestic product, constant prices",Percent change,,"See notes for:  Gross domestic product, constant prices (National currency).",3.24,-0.836,2.295,7.085,6.172,5.852,5.305,4.746,4.765,-1.983,4.019,2018
Mali,Unemployment rate,Percent of total labor force,,,,,,,,,,,,,,
Malta,"Gross domestic product, constant prices",Percent change,,"See notes for:  Gross domestic product, constant prices (National currency).",0.467,4.118,5.473,7.634,9.608,4.068,8.143,5.179,5.54,-7.001,4.663,2020
Malta,Unemployment rate,Percent of total labor force,,"Source: Eurostat, Labor Force Survey Latest actual data: 2020 Employment type: Harmonized ILO definition Primary domestic currency: Euro Data last updated: 03/2021",6.392,6.2,6.108,5.733,5.392,4.7,4,3.658,3.617,4.292,4.3,2020
Marshall Islands,"Gross domestic product, constant prices",Percent change,,"See notes for:  Gross domestic product, constant prices (National currency).",-0.646,-2.184,3.885,-1.023,1.55,1.437,3.276,3.052,6.529,-3.3,-1.5,2019
Marshall Islands,Unemployment rate,Percent of total labor force,,,,,,,,,,,,,,
Mauritania,"Gross domestic product, constant prices",Percent change,,"See notes for:  Gross domestic product, constant prices (National currency).",4.173,4.47,4.151,4.275,5.376,1.261,3.497,2.115,5.58,-2.161,3.136,2018
Mauritania,Unemployment rate,Percent of total labor force,,,,,,,,,,,,,,
Mauritius,"Gross domestic product, constant prices",Percent change,,"See notes for:  Gross domestic product, constant prices (National currency).",4.077,3.496,3.36,3.745,3.553,3.838,3.814,3.76,3.015,-15.8,6.6,2018
Mauritius,Unemployment rate,Percent of total labor force,,Source: National Statistics Office Latest actual data: 2020. Preliminary data Employment type: Harmonized ILO definition Primary domestic currency: Mauritian rupee Data last updated: 03/2021,7.9,8.1,8,7.8,7.9,7.3,7.1,6.9,6.7,10.9,10.9,2020
Mexico,"Gross domestic product, constant prices",Percent change,,"See notes for:  Gross domestic product, constant prices (National currency).",3.663,3.642,1.354,2.85,3.293,2.631,2.113,2.195,-0.055,-8.239,5.004,2020
Mexico,Unemployment rate,Percent of total labor force,,Source: National Statistics Office Latest actual data: 2020 Employment type: National definition Primary domestic currency: Mexican peso Data last updated: 03/2021,5.172,4.891,4.903,4.823,4.351,3.884,3.423,3.336,3.497,4.42,3.6,2020
Micronesia,"Gross domestic product, constant prices",Percent change,,"See notes for:  Gross domestic product, constant prices (National currency).",3.189,-1.867,-3.68,-2.306,4.622,0.9,2.682,0.212,1.2,-1.639,-3.71,2018
Micronesia,Unemployment rate,Percent of total labor force,,,,,,,,,,,,,,
Moldova,"Gross domestic product, constant prices",Percent change,,"See notes for:  Gross domestic product, constant prices (National currency).",5.818,-0.59,9.044,5,-0.338,4.409,4.691,4.002,3.58,-7.5,4.5,2019
Moldova,Unemployment rate,Percent of total labor force,,Source: National Statistics Office Latest actual data: 2019 Employment type: National definition Primary domestic currency: Moldovan leu Data last updated: 03/2021,6.7,5.6,5.1,3.9,5.025,4.225,4.125,3.05,5.125,8,5.5,2019
Mongolia,"Gross domestic product, constant prices",Percent change,,"See notes for:  Gross domestic product, constant prices (National currency).",17.291,12.32,11.649,7.885,2.38,1.168,5.337,7.247,5.159,-5.336,5,2020
Mongolia,Unemployment rate,Percent of total labor force,,Source: National Statistics Office Latest actual data: 2019 Notes: Unemployment rate is now new data series changed from the one referred to as registered unemployment rate. Employment type: National definition Primary domestic currency: Mongolian togrog Data last updated: 02/2021,7.7,8.2,7.9,7.9,7.5,10,8.8,7.8,10,7.5,6.75,2019
Montenegro,"Gross domestic product, constant prices",Percent change,,"See notes for:  Gross domestic product, constant prices (National currency).",3.2,-2.724,3.549,1.784,3.39,2.949,4.716,5.078,4.053,-15.205,9.006,2020
Montenegro,Unemployment rate,Percent of total labor force,,,,,,,,,,,,,,
Morocco,"Gross domestic product, constant prices",Percent change,,"See notes for:  Gross domestic product, constant prices (National currency).",5.246,3.01,4.535,2.669,4.536,1.06,4.249,3.149,2.482,-7.021,4.5,2019
Morocco,Unemployment rate,Percent of total labor force,,Source: National Statistics Office Latest actual data: 2017/18 Employment type: Harmonized ILO definition Primary domestic currency: Moroccan dirham Data last updated: 03/2021,8.912,8.988,9.235,9.879,9.707,9.9,10.2,9.5,9.2,11.9,10.5,2018
Mozambique,"Gross domestic product, constant prices",Percent change,,"See notes for:  Gross domestic product, constant prices (National currency).",7.404,7.258,6.964,7.399,6.723,3.824,3.741,3.444,2.284,-0.5,2.1,2019
Mozambique,Unemployment rate,Percent of total labor force,,,,,,,,,,,,,,
Myanmar,"Gross domestic product, constant prices",Percent change,,"See notes for:  Gross domestic product, constant prices (National currency).",5.471,6.486,7.899,8.2,7.473,6.408,5.75,6.405,6.75,3.189,-8.894,2020
Myanmar,Unemployment rate,Percent of total labor force,,,,,,,,,,,,,,
Namibia,"Gross domestic product, constant prices",Percent change,,"See notes for:  Gross domestic product, constant prices (National currency).",5.091,5.062,5.615,6.093,4.264,0.034,-1.027,1.095,-1.649,-7.243,2.618,2020
Namibia,Unemployment rate,Percent of total labor force,,,,,,,,,,,,,,
Nauru,"Gross domestic product, constant prices",Percent change,,"See notes for:  Gross domestic product, constant prices (National currency).",10.778,10.367,30.969,27.229,3.418,3.02,-5.496,5.703,0.959,0.706,1.55,2019
Nauru,Unemployment rate,Percent of total labor force,,,,,,,,,,,,,,
Nepal,"Gross domestic product, constant prices",Percent change,,"See notes for:  Gross domestic product, constant prices (National currency).",3.422,4.438,3.525,6.011,3.976,0.433,8.977,7.622,6.657,-1.878,2.887,2020
Nepal,Unemployment rate,Percent of total labor force,,,,,,,,,,,,,,
Netherlands,"Gross domestic product, constant prices",Percent change,,"See notes for:  Gross domestic product, constant prices (National currency).",1.55,-1.031,-0.127,1.424,1.958,2.192,2.911,2.361,1.677,-3.796,3.503,2019
Netherlands,Unemployment rate,Percent of total labor force,,Source: National Statistics Office Latest actual data: 2019 Employment type: Harmonized OECD definition Primary domestic currency: Euro Data last updated: 03/2021,4.984,5.832,7.257,7.434,6.891,6.024,4.854,3.839,3.39,3.832,4.9,2019
New Zealand,"Gross domestic product, constant prices",Percent change,,"See notes for:  Gross domestic product, constant prices (National currency).",1.818,2.45,2.305,3.728,3.646,3.949,3.516,3.419,2.43,-2.991,4.044,2020
New Zealand,Unemployment rate,Percent of total labor force,,Source: National Statistics Office. Statistics New Zealand Latest actual data: 2020 Employment type: National definition. Data refer to calendar years Primary domestic currency: New Zealand dollar Data last updated: 03/2021,6.05,6.45,5.825,5.425,5.425,5.175,4.725,4.3,4.125,4.6,5.105,2020
Nicaragua,"Gross domestic product, constant prices",Percent change,,"See notes for:  Gross domestic product, constant prices (National currency).",6.317,6.496,4.927,4.785,4.792,4.563,4.631,-3.95,-3.879,-3,0.237,2019
Nicaragua,Unemployment rate,Percent of total labor force,,Source: Central Bank Latest actual data: 2019 Employment type: National definition Primary domestic currency: Nicaraguan c?rdoba Data last updated: 03/2021,5.93,5.912,5.746,6.557,5.909,4.481,3.67,5.5,6.127,8.061,11.1,2019
Niger,"Gross domestic product, constant prices",Percent change,,"See notes for:  Gross domestic product, constant prices (National currency).",2.356,10.542,5.311,6.644,4.393,5.741,5.001,7.204,5.907,1.2,6.89,2019
Niger,Unemployment rate,Percent of total labor force,,,,,,,,,,,,,,
Nigeria,"Gross domestic product, constant prices",Percent change,,"See notes for:  Gross domestic product, constant prices (National currency).",4.887,4.279,5.394,6.31,2.653,-1.617,0.806,1.923,2.208,-1.794,2.533,2019
Nigeria,Unemployment rate,Percent of total labor force,,Source: National Statistics Office Latest actual data: 2017. Data for 2018 is as of Q3. Employment type: The new definition of unemployment uses a variant of the ILO definition. People who worked 20-40 hours are now reported as underemployed rather than unemployed. Primary domestic currency: Nigerian naira Data last updated: 03/2021,5.957,10.566,9.955,7.841,9,13.375,17.462,22.562,n/a,n/a,n/a,2017
North Macedonia,"Gross domestic product, constant prices",Percent change,,"See notes for:  Gross domestic product, constant prices (National currency).",2.34,-0.456,2.925,3.629,3.856,2.848,1.082,2.881,3.174,-4.532,3.8,2020
North Macedonia,Unemployment rate,Percent of total labor force,,Source: National Statistics Office Latest actual data: 2020 Employment type: National definition Primary domestic currency: Macedonian denar Data last updated: 03/2021,31.375,31,29,28.025,26.05,23.75,22.375,20.725,17.25,16.375,16.341,2020
Norway,"Gross domestic product, constant prices",Percent change,,"See notes for:  Gross domestic product, constant prices (National currency).",0.981,2.703,1.034,1.97,1.967,1.072,2.323,1.119,0.852,-0.762,3.861,2018
Norway,Unemployment rate,Percent of total labor force,,Source: National Statistics Office Latest actual data: 2018 Employment type: National definition Primary domestic currency: Norwegian krone Data last updated: 03/2021,3.364,3.294,3.773,3.617,4.531,4.74,4.216,3.854,3.728,4.595,4.3,2018
Oman,"Gross domestic product, constant prices",Percent change,,"See notes for:  Gross domestic product, constant prices (National currency).",2.565,9.104,5.103,1.423,4.658,4.897,0.346,0.919,-0.825,-6.367,1.759,2019
Oman,Unemployment rate,Percent of total labor force,,,,,,,,,,,,,,
Pakistan,"Gross domestic product, constant prices",Percent change,,"See notes for:  Gross domestic product, constant prices (National currency).",3.624,3.837,3.683,4.053,4.058,4.563,5.219,5.534,1.911,-0.385,1.496,2020
Pakistan,Unemployment rate,Percent of total labor force,,Source: IMF Staff Estimates Latest actual data: 2019/20. Preliminary data from the authorities. Employment type: Other Primary domestic currency: Pakistan rupee Data last updated: 02/2021,5.95,5.95,5.975,6,5.9,5.958,6.018,5.55,4.08,4.5,5,2020
Palau,"Gross domestic product, constant prices",Percent change,,"See notes for:  Gross domestic product, constant prices (National currency).",5.076,1.606,-1.738,5.963,5.04,-0.444,-1.972,5.815,-1.769,-10.286,-10.838,2019
Palau,Unemployment rate,Percent of total labor force,,,,,,,,,,,,,,
Panama,"Gross domestic product, constant prices",Percent change,,"See notes for:  Gross domestic product, constant prices (National currency).",11.314,9.779,6.903,5.067,5.733,4.953,5.591,3.598,3.04,-17.949,12.045,2019
Panama,Unemployment rate,Percent of total labor force,,Source: National Statistics Office Latest actual data: 2020 Employment type: National definition Primary domestic currency: U.S. dollar Data last updated: 03/2021,4.481,4.05,4.098,4.823,5.052,5.494,6.13,5.956,7.07,18.548,10.117,2020
Papua New Guinea,"Gross domestic product, constant prices",Percent change,,"See notes for:  Gross domestic product, constant prices (National currency).",1.108,4.657,3.825,13.544,6.576,5.492,3.535,-0.279,5.86,-3.879,3.473,2019
Papua New Guinea,Unemployment rate,Percent of total labor force,,,,,,,,,,,,,,
Paraguay,"Gross domestic product, constant prices",Percent change,,"See notes for:  Gross domestic product, constant prices (National currency).",4.249,-0.539,8.417,4.861,3.08,4.313,4.954,3.356,-0.03,-0.9,4,2019
Paraguay,Unemployment rate,Percent of total labor force,,Source: National Statistics Office Latest actual data: 2019 Employment type: National definition Primary domestic currency: Paraguayan guaran? Data last updated: 02/2021,5.621,4.573,5.021,6.038,5.351,5.998,6.086,6.236,6.086,6.559,6.137,2019
Peru,"Gross domestic product, constant prices",Percent change,,"See notes for:  Gross domestic product, constant prices (National currency).",6.452,5.951,5.837,2.394,3.274,4.363,2.125,3.963,2.226,-11.115,8.498,2020
Peru,Unemployment rate,Percent of total labor force,,Source: National Statistics Office Latest actual data: 2019 Employment type: National definition Primary domestic currency: Peruvian sol Data last updated: 03/2021,7.727,6.798,5.945,5.938,6.49,6.742,6.876,6.7,6.6,13.6,9.689,2019
Philippines,"Gross domestic product, constant prices",Percent change,,"See notes for:  Gross domestic product, constant prices (National currency).",3.858,6.897,6.751,6.348,6.348,7.149,6.931,6.341,6.041,-9.513,6.89,2020
Philippines,Unemployment rate,Percent of total labor force,,Source: National Statistics Office. Accessed via Haver Latest actual data: 2020 Employment type: Harmonized ILO definition. Please note that data prior to 2005 are not based on harmonized ILO definition but based on national definition. Primary domestic currency: Philippine peso Data last updated: 03/2021,7.025,6.975,7.075,6.8,6.275,5.475,5.725,5.325,5.1,10.4,7.4,2020
Poland,"Gross domestic product, constant prices",Percent change,,"See notes for:  Gross domestic product, constant prices (National currency).",4.758,1.325,1.136,3.379,4.236,3.142,4.831,5.354,4.541,-2.723,3.467,2020
Poland,Unemployment rate,Percent of total labor force,,Source: National Statistics Office Latest actual data: 2020 Employment type: National definition Primary domestic currency: Polish zloty Data last updated: 03/2021,9.632,10.088,10.328,8.988,7.499,6.161,4.888,3.846,3.279,3.163,4.86,2020
Portugal,"Gross domestic product, constant prices",Percent change,,"See notes for:  Gross domestic product, constant prices (National currency).",-1.696,-4.057,-0.923,0.792,1.792,2.019,3.506,2.849,2.489,-7.587,3.9,2020
Portugal,Unemployment rate,Percent of total labor force,,Source: National Statistics Office Latest actual data: 2020 Employment type: Harmonized ILO definition Primary domestic currency: Euro Data last updated: 03/2021,12.677,15.526,16.183,13.894,12.444,11.066,8.867,6.994,6.463,6.794,7.708,2020
Puerto Rico,"Gross domestic product, constant prices",Percent change,,"See notes for:  Gross domestic product, constant prices (National currency).",-0.359,0.029,-0.307,-1.19,-1.049,-1.263,-2.886,-4.657,1.187,-7.5,2.5,2019
Puerto Rico,Unemployment rate,Percent of total labor force,,Source: National Statistics Office Latest actual data: 2018/19 Employment type: National definition. Consistent with U.S. definition Primary domestic currency: U.S. dollar Data last updated: 03/2021,15.9,14.5,14.3,13.9,12,11.8,10.8,9.2,8.3,8.6,9.6,2019
Qatar,"Gross domestic product, constant prices",Percent change,,"See notes for:  Gross domestic product, constant prices (National currency).",11.303,4.73,5.556,5.334,4.753,3.064,-1.498,1.235,0.775,-2.616,2.357,2019
Qatar,Unemployment rate,Percent of total labor force,,,,,,,,,,,,,,
Romania,"Gross domestic product, constant prices",Percent change,,"See notes for:  Gross domestic product, constant prices (National currency).",1.906,2.041,3.771,3.609,2.954,4.703,7.319,4.475,4.127,-3.9,6,2019
Romania,Unemployment rate,Percent of total labor force,,"Source: Haver Analytics. Formally, Eurostat. Latest actual data: 2019 Employment type: Harmonized ILO definition Primary domestic currency: Romanian leu Data last updated: 02/2021",7.146,6.794,7.096,6.802,6.812,5.902,4.927,4.187,3.912,5,4.9,2019
Russia,"Gross domestic product, constant prices",Percent change,,"See notes for:  Gross domestic product, constant prices (National currency).",5.066,4.024,1.755,0.736,-1.973,0.194,1.826,2.807,2.029,-3.056,3.763,2020
Russia,Unemployment rate,Percent of total labor force,,Source: Haver Analytics Latest actual data: 2019 Employment type: Harmonized ILO definition Primary domestic currency: Russian ruble Data last updated: 03/2021,6.508,5.45,5.5,5.158,5.575,5.525,5.2,4.8,4.6,5.783,5.4,2019
Rwanda,"Gross domestic product, constant prices",Percent change,,"See notes for:  Gross domestic product, constant prices (National currency).",7.95,8.646,4.733,6.158,8.873,5.973,3.987,8.578,9.397,-0.199,5.69,2018
Rwanda,Unemployment rate,Percent of total labor force,,,,,,,,,,,,,,
Samoa,"Gross domestic product, constant prices",Percent change,,"See notes for:  Gross domestic product, constant prices (National currency).",4.173,-4.089,-0.419,0.078,4.272,8.056,1.044,-2.063,3.58,-3.154,-7.8,2020
Samoa,Unemployment rate,Percent of total labor force,,,,,,,,,,,,,,
San Marino,"Gross domestic product, constant prices",Percent change,,"See notes for:  Gross domestic product, constant prices (National currency).",-8.522,-7.207,-0.817,-0.657,2.695,2.344,0.272,1.532,2.374,-9.745,4.46,2019
San Marino,Unemployment rate,Percent of total labor force,,Source: National Statistics Office Latest actual data: 2020 Primary domestic currency: Euro Data last updated: 03/2021,5.469,6.95,8.079,8.739,9.183,8.597,8.095,8.009,7.663,7.342,6.631,2020
S?o Tom? and Pr?ncipe,"Gross domestic product, constant prices",Percent change,,"See notes for:  Gross domestic product, constant prices (National currency).",4.398,3.142,4.815,6.55,3.798,4.172,3.871,3.028,1.302,-6.5,3,2019
S?o Tom? and Pr?ncipe,Unemployment rate,Percent of total labor force,,Source: National Statistics Office Latest actual data: 2017 Employment type: National definition Primary domestic currency: S?o Tom? and Pr?ncipe dobra Data last updated: 01/2021,14.127,13.59,13.525,13.472,13.433,13.416,13.472,n/a,n/a,n/a,n/a,2017
Saudi Arabia,"Gross domestic product, constant prices",Percent change,,"See notes for:  Gross domestic product, constant prices (National currency).",9.997,5.411,2.699,3.652,4.106,1.671,-0.742,2.434,0.331,-4.147,2.931,2019
Saudi Arabia,Unemployment rate,Percent of total labor force,,"Source: National Statistics Office. General Authority for Statistics, Kingdom of Saudi Arabia (GSTAT) Latest actual data: 2019 Employment type: Harmonized ILO definition. unemployment rate updated to include expat workers, previously only nationals Primary domestic currency: Saudi Arabian riyal Data last updated: 03/2021",5.772,5.524,5.568,5.721,5.591,5.6,6,6,5.625,n/a,n/a,2019
Senegal,"Gross domestic product, constant prices",Percent change,,"See notes for:  Gross domestic product, constant prices (National currency).",1.334,4.003,2.412,6.224,6.367,6.356,7.407,6.209,4.402,0.828,5.197,2019
Senegal,Unemployment rate,Percent of total labor force,,,,,,,,,,,,,,
Serbia,"Gross domestic product, constant prices",Percent change,,"See notes for:  Gross domestic product, constant prices (National currency).",2.036,-0.682,2.893,-1.59,1.776,3.339,2.101,4.495,4.249,-0.98,4.966,2019
Serbia,Unemployment rate,Percent of total labor force,,Source: National Statistics Office. Statistical Office of the Republic of Serbia Latest actual data: 2020 Notes: The Labor Force Survey is conducted every quarter since Q1 2014. Employment type: Harmonized ILO definition. The methodology is harmonized with ILO and Eurostat. Primary domestic currency: Serbian dinar Data last updated: 03/2021,23.6,24.6,23,19.894,18.231,15.917,14.051,13.273,10.909,13.318,12.99,2020
Seychelles,"Gross domestic product, constant prices",Percent change,,"See notes for:  Gross domestic product, constant prices (National currency).",5.379,3.68,6.018,4.531,4.911,4.4,4.984,1.328,1.915,-13.359,1.803,2019
Seychelles,Unemployment rate,Percent of total labor force,,Source: National Statistics Office Latest actual data: 2015 Employment type: National definition Primary domestic currency: Seychelles rupee Data last updated: 02/2021,4.13,3.705,3.325,2.983,2.684,2.684,3,3,3,3,3,2015
Sierra Leone,"Gross domestic product, constant prices",Percent change,,"See notes for:  Gross domestic product, constant prices (National currency).",6.312,15.178,20.72,4.555,-20.493,6.354,3.765,3.465,5.508,-2.249,3.038,2018
Sierra Leone,Unemployment rate,Percent of total labor force,,,,,,,,,,,,,,
Singapore,"Gross domestic product, constant prices",Percent change,,"See notes for:  Gross domestic product, constant prices (National currency).",6.338,4.462,4.837,3.938,2.989,3.329,4.52,3.497,1.345,-5.391,5.198,2019
Singapore,Unemployment rate,Percent of total labor force,,Source: National Statistics Office Latest actual data: 2019 Employment type: National definition. Prior to 1986 unemployment data excludes non-residents. Primary domestic currency: Singapore dollar Data last updated: 03/2021,2.025,1.95,1.9,1.95,1.9,2.075,2.175,2.1,2.25,3.05,2.8,2019
Slovak Republic,"Gross domestic product, constant prices",Percent change,,"See notes for:  Gross domestic product, constant prices (National currency).",2.847,1.897,0.666,2.642,4.815,2.133,3.043,3.769,2.317,-5.2,4.675,2019
Slovak Republic,Unemployment rate,Percent of total labor force,,Source: Haver Analytics. National Statistical Office Latest actual data: 2019 Employment type: Harmonized ILO definition Primary domestic currency: Euro Data last updated: 03/2021,13.675,13.975,14.258,13.183,11.483,9.683,8.108,6.542,5.758,6.675,7.3,2019
Slovenia,"Gross domestic product, constant prices",Percent change,,"See notes for:  Gross domestic product, constant prices (National currency).",0.861,-2.639,-1.029,2.768,2.21,3.192,4.794,4.384,3.184,-5.532,3.71,2020
Slovenia,Unemployment rate,Percent of total labor force,,Source: National Statistics Office Latest actual data: 2019 Employment type: Harmonized ILO definition Primary domestic currency: Euro Data last updated: 03/2021,8.2,8.908,10.158,9.742,8.992,8.008,6.575,5.125,4.433,5.132,5.361,2019
Solomon Islands,"Gross domestic product, constant prices",Percent change,,"See notes for:  Gross domestic product, constant prices (National currency).",7.267,1.865,5.332,1.05,1.417,5.873,5.347,3.943,1.204,-4.32,1.527,2019
Solomon Islands,Unemployment rate,Percent of total labor force,,,,,,,,,,,,,,
Somalia,"Gross domestic product, constant prices",Percent change,,"See notes for:  Gross domestic product, constant prices (National currency).",n/a,1.2,1.86,2.354,3.46,2.894,1.385,2.8,2.9,-1.5,2.9,2019
Somalia,Unemployment rate,Percent of total labor force,,,,,,,,,,,,,,
South Africa,"Gross domestic product, constant prices",Percent change,,"See notes for:  Gross domestic product, constant prices (National currency).",3.284,2.213,2.485,1.847,1.194,0.399,1.415,0.787,0.153,-6.96,3.1,2020
South Africa,Unemployment rate,Percent of total labor force,,Source: National Statistics Office Latest actual data: 2020 Employment type: National definition Primary domestic currency: South African rand Data last updated: 03/2021,24.8,24.875,24.725,25.1,25.35,26.725,27.45,27.125,28.7,29.175,29.694,2020
South Sudan,"Gross domestic product, constant prices",Percent change,,"See notes for:  Gross domestic product, constant prices (National currency).",n/a,-52.429,29.329,2.918,-0.173,-13.475,-5.765,-1.931,0.87,-6.589,5.325,2018
South Sudan,Unemployment rate,Percent of total labor force,,,,,,,,,,,,,,
Spain,"Gross domestic product, constant prices",Percent change,,"See notes for:  Gross domestic product, constant prices (National currency).",-0.814,-2.958,-1.437,1.382,3.837,3.028,2.977,2.429,1.953,-10.964,6.375,2020
Spain,Unemployment rate,Percent of total labor force,,Source: National Statistics Office Latest actual data: 2019 Employment type: Harmonized ILO definition Primary domestic currency: Euro Data last updated: 03/2021,21.39,24.788,26.095,24.443,22.058,19.635,17.225,15.255,14.105,15.533,16.806,2019
Sri Lanka,"Gross domestic product, constant prices",Percent change,,"See notes for:  Gross domestic product, constant prices (National currency).",8.405,9.145,3.396,4.961,5.008,4.487,3.578,3.272,2.255,-3.569,4.006,2019
Sri Lanka,Unemployment rate,Percent of total labor force,,Source: National Statistics Office. Department of Census and Statistics Latest actual data: 2018 Primary domestic currency: Sri Lanka rupee Data last updated: 03/2021,4.1,4,4.4,4.3,4.7,4.4,4.2,4.4,4.8,5.8,5.6,2018
St. Kitts and Nevis,"Gross domestic product, constant prices",Percent change,,"See notes for:  Gross domestic product, constant prices (National currency).",1.827,-2.228,5.384,6.286,1.032,2.828,-1.978,2.924,2.842,-18.65,-2,2019
St. Kitts and Nevis,Unemployment rate,Percent of total labor force,,,,,,,,,,,,,,
St. Lucia,"Gross domestic product, constant prices",Percent change,,"See notes for:  Gross domestic product, constant prices (National currency).",4.803,-0.348,-2.198,1.306,-0.202,3.762,3.489,2.639,1.729,-18.85,3.142,2019
St. Lucia,Unemployment rate,Percent of total labor force,,,,,,,,,,,,,,
St. Vincent and the Grenadines,"Gross domestic product, constant prices",Percent change,,"See notes for:  Gross domestic product, constant prices (National currency).",-0.419,1.382,1.833,1.214,1.33,1.897,1,2.163,0.342,-4.18,-0.095,2019
St. Vincent and the Grenadines,Unemployment rate,Percent of total labor force,,,,,,,,,,,,,,
Sudan,"Gross domestic product, constant prices",Percent change,,"See notes for:  Gross domestic product, constant prices (National currency).",-3.214,-17.005,1.955,4.661,1.907,3.464,0.71,-2.293,-2.536,-3.63,0.388,2019
Sudan,Unemployment rate,Percent of total labor force,,"Source: Ministry of Labor and Civil Service and Human Resource Development and staff estimates., World Bank estimates. Latest actual data: 2011 Employment type: Not applicable Primary domestic currency: Sudanese pound Data last updated: 03/2021",12.033,14.8,15.2,19.8,21.6,20.6,19.6,19.5,22.1,26.83,28.408,2011
Suriname,"Gross domestic product, constant prices",Percent change,,"See notes for:  Gross domestic product, constant prices (National currency).",5.847,2.697,2.931,0.254,-3.414,-5.56,1.762,2.58,0.268,-13.455,0.684,2019
Suriname,Unemployment rate,Percent of total labor force,,"Source: National Statistics Office. Data published by the Central Bank of Suriname (Table 23), compiled by the National Statistics Office. Latest actual data: 2018 Employment type: National definition Primary domestic currency: Surinamese dollar Data last updated: 03/2021",7.5,8.1,6.6,5.5,7,10,7,9,8.953,11.291,11.172,2018
Sweden,"Gross domestic product, constant prices",Percent change,,"See notes for:  Gross domestic product, constant prices (National currency).",3.195,-0.588,1.188,2.658,4.489,2.071,2.568,1.95,1.37,-2.818,3.06,2019
Sweden,Unemployment rate,Percent of total labor force,,Source: National Statistics Office. National Statistics Office Latest actual data: 2020 Employment type: National definition Primary domestic currency: Swedish krona Data last updated: 03/2021,7.767,7.967,8,7.933,7.4,6.95,6.683,6.325,6.767,8.292,8.721,2020
Switzerland,"Gross domestic product, constant prices",Percent change,,"See notes for:  Gross domestic product, constant prices (National currency).",1.915,1.339,1.853,2.424,1.636,1.985,1.652,3.037,1.114,-2.983,3.489,2019
Switzerland,Unemployment rate,Percent of total labor force,,Source: State Secretariat for Economic Affairs (SECO) Latest actual data: 2019 Employment type: National definition Primary domestic currency: Swiss franc Data last updated: 03/2021,2.843,2.905,3.158,3.044,3.178,3.323,3.088,2.547,2.306,3.143,3.545,2019
Syria,"Gross domestic product, constant prices",Percent change,,"See notes for:  Gross domestic product, constant prices (National currency).",n/a,n/a,n/a,n/a,n/a,n/a,n/a,n/a,n/a,n/a,n/a,2010
Syria,Unemployment rate,Percent of total labor force,,Source: National Statistics Office Latest actual data: 2010 Employment type: National definition Primary domestic currency: Syrian pound Data last updated: 08/2015,n/a,n/a,n/a,n/a,n/a,n/a,n/a,n/a,n/a,n/a,n/a,2010
Taiwan Province of China,"Gross domestic product, constant prices",Percent change,,"See notes for:  Gross domestic product, constant prices (National currency).",3.674,2.222,2.484,4.719,1.466,2.165,3.311,2.787,2.964,3.109,4.748,2020
Taiwan Province of China,Unemployment rate,Percent of total labor force,,"Source: CEIC Latest actual data: 2018 Employment type: National definition. Labor Force It is defined as those civilians who, during the reference week, are 15 years of age or over and who are available to work, including both the employed and the unemployed. Employed Population Including all persons who, during the reference week, work for pay or work for 15 hours or more as unpaid family workers.  Unemployed Population Including all the persons who, during the reference week, are 15 years of age or over and under the following conditions: - No job - Available to work - Seeking for a job, or had sought work waiting for result.  Besides, the unemployed population also includes the persons who are waiting to recall or start a new job but not working and paid yet Primary domestic currency: New Taiwan dollar Data last updated: 03/2021",4.39,4.24,4.18,3.96,3.78,3.92,3.76,3.71,3.73,3.9,3.8,2018
Tajikistan,"Gross domestic product, constant prices",Percent change,,"See notes for:  Gross domestic product, constant prices (National currency).",7.4,7.5,7.4,6.7,6,6.9,7.1,7.3,7.5,4.5,5,2019
Tajikistan,Unemployment rate,Percent of total labor force,,Source: National Statistics Office Employment type: National definition Primary domestic currency: Tajik somoni Data last updated: 03/2021,2.492,n/a,n/a,n/a,n/a,n/a,n/a,n/a,n/a,n/a,n/a,
Tanzania,"Gross domestic product, constant prices",Percent change,,"See notes for:  Gross domestic product, constant prices (National currency).",7.905,5.141,6.782,6.732,6.161,6.867,6.773,6.959,6.971,1.029,2.658,2019
Tanzania,Unemployment rate,Percent of total labor force,,,,,,,,,,,,,,
Thailand,"Gross domestic product, constant prices",Percent change,,"See notes for:  Gross domestic product, constant prices (National currency).",0.84,7.243,2.687,0.984,3.134,3.435,4.178,4.19,2.266,-6.087,2.564,2020
Thailand,Unemployment rate,Percent of total labor force,,"Source: National Statistics Office. Labour Force Survey, downloaded from CEIC Latest actual data: 2019 Employment type: National definition Primary domestic currency: Thai baht Data last updated: 03/2021",0.655,0.662,0.7,0.8,0.9,1,1.2,1.1,1,2,1.5,2019
Timor-Leste,"Gross domestic product, constant prices",Percent change,,"See notes for:  Gross domestic product, constant prices (National currency).",5.805,6.022,2.119,4.45,2.91,3.365,-4.104,-1.054,1.801,-6.8,2.75,2019
Timor-Leste,Unemployment rate,Percent of total labor force,,,,,,,,,,,,,,
Togo,"Gross domestic product, constant prices",Percent change,,"See notes for:  Gross domestic product, constant prices (National currency).",6.4,6.54,6.11,5.92,5.74,5.6,4.348,4.967,5.464,0.7,3.5,2016
Togo,Unemployment rate,Percent of total labor force,,,,,,,,,,,,,,
Tonga,"Gross domestic product, constant prices",Percent change,,"See notes for:  Gross domestic product, constant prices (National currency).",6.818,0.823,0.312,2.019,1.172,6.571,3.322,0.302,0.732,-0.466,-2.469,2019
Tonga,Unemployment rate,Percent of total labor force,,,,,,,,,,,,,,
Trinidad and Tobago,"Gross domestic product, constant prices",Percent change,,"See notes for:  Gross domestic product, constant prices (National currency).",-0.192,-0.704,2.229,-0.913,1.484,-5.602,-2.987,0.066,-1.246,-7.832,2.084,2019
Trinidad and Tobago,Unemployment rate,Percent of total labor force,,Source: National Statistics Office Latest actual data: 2018 Employment type: Harmonized ILO definition Primary domestic currency: Trinidad and Tobago dollar Data last updated: 03/2021,5.067,4.95,3.675,3.3,3.425,3.95,4.825,3.925,n/a,n/a,n/a,2018
Tunisia,"Gross domestic product, constant prices",Percent change,,"See notes for:  Gross domestic product, constant prices (National currency).",-1.918,4.089,2.822,2.873,1.184,1.229,1.919,2.715,0.981,-8.8,3.81,2019
Tunisia,Unemployment rate,Percent of total labor force,,Source: National Statistics Office Latest actual data: 2019 Employment type: Harmonized ILO definition Primary domestic currency: Tunisian dinar Data last updated: 03/2021,18.889,16.723,15.33,14.959,15.39,15.544,15.513,15.53,14.889,n/a,n/a,2019
Turkey,"Gross domestic product, constant prices",Percent change,,"See notes for:  Gross domestic product, constant prices (National currency).",11.2,4.788,8.486,4.94,6.084,3.323,7.502,2.959,0.917,1.794,6.042,2020
Turkey,Unemployment rate,Percent of total labor force,,Source: Haver Analytics. Data from Turkish Statistical Institute (TurkStat) Latest actual data: 2020 Employment type: National definition Primary domestic currency: Turkish lira Data last updated: 03/2021,9.096,8.432,9.041,9.915,10.279,10.907,10.904,10.955,13.709,13.11,12.364,2020
Turkmenistan,"Gross domestic product, constant prices",Percent change,,"See notes for:  Gross domestic product, constant prices (National currency).",14.72,11.051,10.163,10.346,6.453,6.2,6.42,6.201,6.33,0.782,4.559,2019
Turkmenistan,Unemployment rate,Percent of total labor force,,,,,,,,,,,,,,
Tuvalu,"Gross domestic product, constant prices",Percent change,,"See notes for:  Gross domestic product, constant prices (National currency).",7.476,-3.884,4.91,1.178,9.23,5.885,4.595,3.178,6.007,0.53,2.477,2018
Tuvalu,Unemployment rate,Percent of total labor force,,,,,,,,,,,,,,
Uganda,"Gross domestic product, constant prices",Percent change,,"See notes for:  Gross domestic product, constant prices (National currency).",7.677,2.333,3.938,5.745,7.331,0.34,7.277,5.966,8.041,-2.104,6.346,2019
Uganda,Unemployment rate,Percent of total labor force,,,,,,,,,,,,,,
Ukraine,"Gross domestic product, constant prices",Percent change,,"See notes for:  Gross domestic product, constant prices (National currency).",5.46,0.224,0.002,-6.575,-9.788,2.417,2.466,3.405,3.233,-4.218,4.04,2019
Ukraine,Unemployment rate,Percent of total labor force,,"Source: Haver Analytics. Formally, the State Statistics Committee of Ukraine Latest actual data: 2019. Starting in 2014, data excludes Crimea and Sevastopol.  Data officially published for 2013 have been recalculated by the IMF staff to exclude Crimea and Sevastopol to ensure a comparable base going forward. Employment type: National definition Primary domestic currency: Ukrainian hryvnia Data last updated: 03/2021",7.856,7.529,7.172,9.275,9.143,9.45,9.65,9,8.5,9.036,8.645,2019
United Arab Emirates,"Gross domestic product, constant prices",Percent change,,"See notes for:  Gross domestic product, constant prices (National currency).",6.93,4.485,5.053,4.284,5.106,3.061,2.374,1.19,1.678,-5.924,3.092,2019
United Arab Emirates,Unemployment rate,Percent of total labor force,,,,,,,,,,,,,,
United Kingdom,"Gross domestic product, constant prices",Percent change,,"See notes for:  Gross domestic product, constant prices (National currency).",1.276,1.43,2.186,2.863,2.363,1.722,1.74,1.253,1.434,-9.92,5.344,2020
United Kingdom,Unemployment rate,Percent of total labor force,,Source: National Statistics Office Latest actual data: 2020 Employment type: Harmonized ILO definition Primary domestic currency: Pound sterling Data last updated: 03/2021,8.1,7.975,7.575,6.2,5.375,4.875,4.425,4.075,3.825,4.5,6.05,2020
United States,"Gross domestic product, constant prices",Percent change,,"See notes for:  Gross domestic product, constant prices (National currency).",1.551,2.249,1.842,2.526,3.076,1.711,2.333,2.997,2.161,-3.505,6.386,2020
United States,Unemployment rate,Percent of total labor force,,Source: National Statistics Office Latest actual data: 2020 Employment type: National definition Primary domestic currency: U.S. dollar Data last updated: 03/2021,8.933,8.075,7.358,6.158,5.275,4.875,4.35,3.892,3.683,8.108,5.791,2020
Uruguay,"Gross domestic product, constant prices",Percent change,,"See notes for:  Gross domestic product, constant prices (National currency).",5.162,3.538,4.638,3.239,0.371,1.69,1.628,0.478,0.331,-5.7,3,2019
Uruguay,Unemployment rate,Percent of total labor force,,Source: National Statistics Office Latest actual data: 2020 Employment type: National definition Primary domestic currency: Uruguayan peso Data last updated: 03/2021,6.342,6.317,6.508,6.625,7.525,7.867,7.925,8.367,8.925,10.35,10.265,2020
Uzbekistan,"Gross domestic product, constant prices",Percent change,,"See notes for:  Gross domestic product, constant prices (National currency).",7.785,7.376,7.585,7.179,7.448,6.094,4.462,5.446,5.798,1.648,4.991,2019
Uzbekistan,Unemployment rate,Percent of total labor force,,,,,,,,,,,,,,
Vanuatu,"Gross domestic product, constant prices",Percent change,,"See notes for:  Gross domestic product, constant prices (National currency).",3.138,1.01,0.469,3.126,0.372,4.689,6.316,2.9,3.265,-9.235,3.159,2018
Vanuatu,Unemployment rate,Percent of total labor force,,,,,,,,,,,,,,
Venezuela,"Gross domestic product, constant prices",Percent change,,"See notes for:  Gross domestic product, constant prices (National currency).",4.176,5.626,1.343,-3.894,-6.221,-17.04,-15.671,-19.621,-35,-30,-10,2018
Venezuela,Unemployment rate,Percent of total labor force,,Source: National Statistics Office Latest actual data: 2011 Employment type: National definition Primary domestic currency: Venezuelan bol?var soberano Data last updated: 03/2021,8.204,7.823,7.47,6.7,7.4,20.863,27.886,35.543,n/a,n/a,n/a,2011
Vietnam,"Gross domestic product, constant prices",Percent change,,"See notes for:  Gross domestic product, constant prices (National currency).",6.413,5.505,5.554,6.422,6.987,6.69,6.94,7.076,7.017,2.906,6.5,2019
Vietnam,Unemployment rate,Percent of total labor force,,Source: Other Latest actual data: 2019 Employment type: National definition Primary domestic currency: Vietnamese dong Data last updated: 02/2021,2.22,1.96,2.18,2.1,2.33,2.3,2.24,2.19,2.17,3.3,2.7,2019
West Bank and Gaza,"Gross domestic product, constant prices",Percent change,,"See notes for:  Gross domestic product, constant prices (National currency).",9.601,6.096,4.699,-0.158,3.721,8.865,1.419,1.227,1.363,-10.96,5.7,2019
West Bank and Gaza,Unemployment rate,Percent of total labor force,,Source: National Statistics Office Latest actual data: 2020 Employment type: Harmonized ILO definition Primary domestic currency: New Israeli Shekel (NIS) Data last updated: 03/2021,20.9,23,23.4,26.9,25.9,26.9,25.45,26.25,25.35,25.925,25.124,2020
Yemen,"Gross domestic product, constant prices",Percent change,,"See notes for:  Gross domestic product, constant prices (National currency).",-12.715,2.393,4.824,-0.189,-27.995,-9.375,-5.072,0.752,2.1,-5,0.5,2019
Yemen,Unemployment rate,Percent of total labor force,,,,,,,,,,,,,,
Zambia,"Gross domestic product, constant prices",Percent change,,"See notes for:  Gross domestic product, constant prices (National currency).",5.565,7.598,5.057,4.698,2.92,3.777,3.504,4.035,1.441,-3.497,0.598,2019
Zambia,Unemployment rate,Percent of total labor force,,,,,,,,,,,,,,
Zimbabwe,"Gross domestic product, constant prices",Percent change,,"See notes for:  Gross domestic product, constant prices (National currency).",14.197,16.658,1.975,2.383,1.791,0.742,4.704,3.497,-7.406,-8.002,3.069,2019
Zimbabwe,Unemployment rate,Percent of total labor force,,,,,,,,,,,,,,
,,,,,,,,,,,,,,,,
"International Monetary Fund, World Economic Outlook Database, April 2021",,,,,,,,,,,,,,,,
